Date	link	description
13-12-2013	/docket/files/152/17838.pdf	"13/12/2013 - Order of 13 December 2013 - Construction of a Road in Costa Rica along the San Juan River (Nicaragua v. Costa Rica) 

Request by Nicaragua for the Indication of Provisional Measures"
09-12-2013	/docket/files/154/17916.pdf	"09/12/2013 - Order of 9 December 2013 - Question of the Delimitation of the Continental Shelf between Nicaragua and Colombia beyond 200 nautical miles from the Nicaraguan Coast (Nicaragua v. Colombia) 

Fixing of time-limits : Memorial and Counter-Memorial"
22-11-2013	/docket/files/150/17772.pdf	"22/11/2013 - Order of 22 November 2013 - Certain Activities carried out by Nicaragua in the Border Area (Costa Rica v. Nicaragua) 

Request presented by Costa Rica for the Indication of new Provisional Measures"
11-11-2013	/docket/files/151/17704.pdf	"11/11/2013 - Judgment of 11 November 2013 - Request for Interpretation of the Judgment of 15 June 1962 in the Case concerning the Temple of Preah Vihear (Cambodia v. Thailand) (Cambodia v. Thailand) 

"
13-09-2013	/docket/files/138/17528.pdf	"13/09/2013 - Order of 13 September 2013 - Aerial Herbicide Spraying (Ecuador v. Colombia) 

Removal from list"
16-07-2013	/docket/files/150/17500.pdf	"16/07/2013 - Order of 16 July 2013 - Certain Activities carried out by Nicaragua in the Border Area (Costa Rica v. Nicaragua) 

Requests for the modification of the Order of 8 March 2011 indicating provisional measures"
12-07-2013	/docket/files/149/17472.pdf	"12/07/2013 - Order of 12 July 2013 - Frontier Dispute (Burkina Faso/Niger) 

Nomination of experts"
18-06-2013	/docket/files/153/17392.pdf	"18/06/2013 - Order of 18 June 2013 - Obligation to Negotiate Access to the Pacific Ocean (Bolivia v. Chile) 

Fixing of time-limits: Memorial and Counter-Memorial"
18-04-2013	/docket/files/150/17358.pdf	"18/04/2013 - Order of 18 April 2013 - Certain Activities carried out by Nicaragua in the Border Area (Costa Rica v. Nicaragua) 

Counter-claims"
18-04-2013	/docket/files/152/17362.pdf	"18/04/2013 - Order of 18 April 2013 - Construction of a Road in Costa Rica along the San Juan River (Nicaragua v. Costa Rica) 

Counter-claims"
17-04-2013	/docket/files/150/17350.pdf	"17/04/2013 - Order of 17 April 2013 - Certain Activities carried out by Nicaragua in the Border Area (Costa Rica v. Nicaragua) 

Joinder of proceedings"
17-04-2013	/docket/files/152/17354.pdf	"17/04/2013 - Order of 17 April 2013 - Construction of a Road in Costa Rica along the San Juan River (Nicaragua v. Costa Rica) 

Joinder of proceedings"
16-04-2013	/docket/files/149/17306.pdf	"16/04/2013 - Judgment of 16 April 2013 - Frontier Dispute (Burkina Faso/Niger) 

"
06-02-2013	/docket/files/148/17268.pdf	"06/02/2013 - Order of 6 February 2013 - Whaling in the Antarctic (Australia v. Japan: New Zealand intervening) 

Declaration of Intervention by New Zealand"
19-11-2012	/docket/files/124/17164.pdf	"19/11/2012 - Judgment of 19 November 2012 - Territorial and Maritime Dispute (Nicaragua v. Colombia) 

"
20-07-2012	/docket/files/144/17064.pdf	"20/07/2012 - Judgment of 20 July 2012 - Questions relating to the Obligation to Prosecute or Extradite (Belgium v. Senegal) 

Merits"
19-06-2012	/docket/files/103/17044.pdf	"19/06/2012 - Judgment of 19 June 2012 - Ahmadou Sadio Diallo (Republic of Guinea v. Democratic Republic of the Congo) 

Compensation owed by the Democratic Republic of the Congo to the Republic of Guinea"
03-02-2012	/docket/files/143/16883.pdf	"03/02/2012 - Judgment of 3 February 2012 - Jurisdictional Immunities of the State (Germany v. Italy: Greece intervening) 

"
01-02-2012	/docket/files/146/16871.pdf	"01/02/2012 - Advisory Opinion of 1 February 2012 - Judgment No.2867 of the Administrative Tribunal of the International Labour Organization upon a Complaint Filed against the International Fund for Agricultural Development (Request for Advisory Opinion) 

"
23-01-2012	/docket/files/118/16903.pdf	"23/01/2012 - Order of 23 January 2012 - Application of the Convention on the Prevention and Punishment of the Crime of Genocide (Croatia v. Serbia) 

Fixing of time limits"
23-01-2012	/docket/files/152/16901.pdf	"23/01/2012 - Order of 23 January 2012 - Construction of a Road in Costa Rica along the San Juan River (Nicaragua v. Costa Rica) 

Fixing of time-limits: Memorial and Counter-Memorial"
05-12-2011	/docket/files/142/16827.pdf	"05/12/2011 - Judgment of 5 December 2011 - Application of the Interim Accord of 13 September 1995 (the former Yugoslav Republic of Macedonia v. Greece) 

"
19-10-2011	/docket/files/138/16725.pdf	"19/10/2011 - Order of 19 October 2011 - Aerial Herbicide Spraying (Ecuador v. Colombia) 

Extension of a time-limit: Rejoinder"
20-09-2011	/docket/files/103/16699.pdf	"20/09/2011 - Order of 20 September 2011 - Ahmadou Sadio Diallo (Republic of Guinea v. Democratic Republic of the Congo) 

Fixing of time-limits: Memorial and Counter-Memorial on the question of compensation"
18-07-2011	/docket/files/151/16564.pdf	"18/07/2011 - Order of 18 July 2011 - Request for Interpretation of the Judgment of 15 June 1962 in the Case concerning the Temple of Preah Vihear (Cambodia v. Thailand) (Cambodia v. Thailand) 

Request for the Indication of Provisional Measures"
11-07-2011	/docket/files/144/16588.pdf	"11/07/2011 - Order of 11 July 2011 - Questions relating to the Obligation to Prosecute or Extradite (Belgium v. Senegal) 

Extension of a time-limit"
04-07-2011	/docket/files/143/16556.pdf	"04/07/2011 - Order of 4 July 2011 - Jurisdictional Immunities of the State (Germany v. Italy: Greece intervening) 

Application by the Hellenic Republic for Permission to Intervene"
04-05-2011	/docket/files/124/16482.pdf	"04/05/2011 - Judgment of 4 May 2011 - Territorial and Maritime Dispute (Nicaragua v. Colombia) 

Application by Costa Rica for Permission to Intervene"
04-05-2011	/docket/files/124/16500.pdf	"04/05/2011 - Judgment of 4 May 2011 - Territorial and Maritime Dispute (Nicaragua v. Colombia) 

Application by Honduras for Permission to Intervene"
05-04-2011	/docket/files/145/16460.pdf	"05/04/2011 - Order of 5 April 2011 - Jurisdiction and Enforcement of Judgments in Civil and Commercial Matters (Belgium v. Switzerland) 

Removal from list"
05-04-2011	/docket/files/150/16462.pdf	"05/04/2011 - Order of 5 April 2011 - Certain Activities carried out by Nicaragua in the Border Area (Costa Rica v. Nicaragua) 

Fixing of time-limits: Memorial and Counter-Memorial"
01-04-2011	/docket/files/140/16398.pdf	"01/04/2011 - Judgment of 1 April 2011 - Application of the International Convention on the Elimination of All Forms of Racial Discrimination (Georgia v. Russian Federation) 

Preliminary objections"
08-03-2011	/docket/files/150/16324.pdf	"08/03/2011 - Order of 8 March 2011 - Certain Activities carried out by Nicaragua in the Border Area (Costa Rica v. Nicaragua) 

Order of 8 March 2011"
24-01-2011	/docket/files/146/16308.pdf	"24/01/2011 - Order of 24 January 2011 - Judgment No.2867 of the Administrative Tribunal of the International Labour Organization upon a Complaint Filed against the International Fund for Agricultural Development (Request for Advisory Opinion) 

Extension of time-limits"
30-11-2010	/docket/files/103/16244.pdf	"30/11/2010 - Judgment of 30 November 2010 - Ahmadou Sadio Diallo (Republic of Guinea v. Democratic Republic of the Congo) 

Judgment of 30 November 2010"
16-11-2010	/docket/files/129/16266.pdf	"16/11/2010 - Order of 16 November 2010 - Certain Criminal Proceedings in France (Republic of the Congo v. France) 

Removal from list"
14-09-2010	/docket/files/149/16117.pdf	"14/09/2010 - Order of 14 September 2010 - Frontier Dispute (Burkina Faso/Niger) 

Fixing of time-limits"
10-08-2010	/docket/files/145/16063.pdf	"10/08/2010 - Order of 10 August 2010 - Jurisdiction and Enforcement of Judgments in Civil and Commercial Matters (Belgium v. Switzerland) 

Extension of time-limits"
22-07-2010	/docket/files/141/15987.pdf	"22/07/2010 - Advisory Opinion of 22 July 2010 - Accordance with international law of the unilateral declaration of independence in respect of Kosovo (Request for Advisory Opinion) 

Advisory Opinion of 22 July 2010"
13-07-2010	/docket/files/148/15985.pdf	"13/07/2010 - Order of 13 July 2010 - Whaling in the Antarctic (Australia v. Japan: New Zealand intervening) 

Fixing of time-limits for the filing of the initial pleadings"
06-07-2010	/docket/files/143/16027.pdf	"06/07/2010 - Order of 6 July 2010 - Jurisdictional Immunities of the State (Germany v. Italy: Greece intervening) 

Order of 6 July 2010"
25-06-2010	/docket/files/138/15967.pdf	"25/06/2010 - Order of 25 June 2010 - Aerial Herbicide Spraying (Ecuador v. Colombia) 

Fixing of time-limits: Reply and Rejoinder"
12-05-2010	/docket/files/147/15939.pdf	"12/05/2010 - Order of 12 May 2010 - Certain Questions concerning Diplomatic Relations (Honduras v. Brazil) 

Order of 12 May 2010"
29-04-2010	/docket/files/146/15931.pdf	"29/04/2010 - Order of 29 April 2010 - Judgment No.2867 of the Administrative Tribunal of the International Labour Organization upon a Complaint Filed against the International Fund for Agricultural Development (Request for Advisory Opinion) 

Fixing of time-limits"
27-04-2010	/docket/files/137/15917.pdf	"27/04/2010 - Order of 27 April 2010 - Maritime Dispute (Peru v. Chile) 

Fixing of time-limits"
20-04-2010	/docket/files/135/15877.pdf	"20/04/2010 - Judgment of 20 April 2010 - Pulp Mills on the River Uruguay (Argentina v. Uruguay) 

Judgment of 20 April 2010"
12-03-2010	/docket/files/142/15865.pdf	"12/03/2010 - Order of 12 March 2010 - Application of the Interim Accord of 13 September 1995 (the former Yugoslav Republic of Macedonia v. Greece) 

Fixing of time-limits"
04-02-2010	/docket/files/118/15919.pdf	"04/02/2010 - Order of 4 February 2010 - Application of the Convention on the Prevention and Punishment of the Crime of Genocide (Croatia v. Serbia) 

Fixing of time-limits"
04-02-2010	/docket/files/145/15863.pdf	"04/02/2010 - Order of 4 February 2010 - Jurisdiction and Enforcement of Judgments in Civil and Commercial Matters (Belgium v. Switzerland) 

Fixing of time-limits"
11-12-2009	/docket/files/140/15748.pdf	"11/12/2009 - Order of 11 December 2009 - Application of the International Convention on the Elimination of All Forms of Racial Discrimination (Georgia v. Russian Federation) 

Fixing of time-limits"
16-11-2009	/docket/files/129/15601.pdf	"16/11/2009 - Order of 16 November 2009 - Certain Criminal Proceedings in France (Republic of the Congo v. France) 

Fixing of time-limits"
13-07-2009	/docket/files/133/15321.pdf	"13/07/2009 - Judgment of 13 July 2009 - Dispute regarding Navigational and Related Rights (Costa Rica v. Nicaragua) 

Judgment of 13 July 2009"
09-07-2009	/docket/files/144/15347.pdf	"09/07/2009 - Order of 9 July 2009 - Questions relating to the Obligation to Prosecute or Extradite (Belgium v. Senegal) 

Fixing of time-limits: Memorial and Counter-Memorial"
28-05-2009	/docket/files/144/15149.pdf	"28/05/2009 - Order of 28 May 2009 - Questions relating to the Obligation to Prosecute or Extradite (Belgium v. Senegal) 

Request for the indication of provisional measures"
29-04-2009	/docket/files/143/15127.pdf	"29/04/2009 - Order of 29 April 2009 - Jurisdictional Immunities of the State (Germany v. Italy: Greece intervening) 

Fixing of time-limits: Memorial and Counter-Memorial"
03-02-2009	/docket/files/132/14987.pdf	"03/02/2009 - Judgment of 3 February 2009 - Maritime Delimitation in the Black Sea (Romania v. Ukraine) 

"
20-01-2009	/docket/files/118/14965.pdf	"20/01/2009 - Order of 20 January 2009 - Application of the Convention on the Prevention and Punishment of the Crime of Genocide (Croatia v. Serbia) 

Fixing of time-limit: Counter-Memorial"
20-01-2009	/docket/files/142/14963.pdf	"20/01/2009 - Order of 20 January 2009 - Application of the Interim Accord of 13 September 1995 (the former Yugoslav Republic of Macedonia v. Greece) 

Fixing of time-limits: Memorial and Counter-Memorial"
19-01-2009	/docket/files/139/14939.pdf	"19/01/2009 - Judgment of 19 January 2009 - Request for Interpretation of the Judgment of 31 March 2004 in the Case concerning Avena and Other Mexican Nationals (Mexico v. United States of America) (Mexico v. United States of America) 

"
18-12-2008	/docket/files/124/14919.pdf	"18/12/2008 - Order of 18 December 2008 - Territorial and Maritime Dispute (Nicaragua v. Colombia) 

Fixing of time-limits: Reply and Rejoinder"
02-12-2008	/docket/files/140/14915.pdf	"02/12/2008 - Order of 2 December 2008 - Application of the International Convention on the Elimination of All Forms of Racial Discrimination (Georgia v. Russian Federation) 

Fixing of time-limit"
18-11-2008	/docket/files/118/14891.pdf	"18/11/2008 - Judgment of 18 November 2008 - Application of the Convention on the Prevention and Punishment of the Crime of Genocide (Croatia v. Serbia) 

Preliminary Objections"
17-10-2008	/docket/files/141/14813.pdf	"17/10/2008 - Order of 17 October 2008 - Accordance with international law of the unilateral declaration of independence in respect of Kosovo (Request for Advisory Opinion) 

Fixing of time-limits: Written Statements and Written Comments"
15-10-2008	/docket/files/140/14801.pdf	"15/10/2008 - Order of 15 October 2008 - Application of the International Convention on the Elimination of All Forms of Racial Discrimination (Georgia v. Russian Federation) 

Request for the Indication of Provisional Measures"
16-07-2008	/docket/files/139/14639.pdf	"16/07/2008 - Order of 16 July 2008 - Request for Interpretation of the Judgment of 31 March 2004 in the Case concerning Avena and Other Mexican Nationals (Mexico v. United States of America) (Mexico v. United States of America) 

Request for the Indication of Provisional Measures"
04-06-2008	/docket/files/136/14550.pdf	"04/06/2008 - Judgment of 4 June 2008 - Certain Questions of Mutual Assistance in Criminal Matters (Djibouti v. France) 

"
30-05-2008	/docket/files/138/14629.pdf	"30/05/2008 - Order of 30 May 2008 - Aerial Herbicide Spraying (Ecuador v. Colombia) 

Fixing of time-limits: Memorial and Counter-Memorial"
23-05-2008	/docket/files/130/14492.pdf	"23/05/2008 - Judgment of 23 May 2008 - Sovereignty over Pedra Branca/Pulau Batu Puteh, Middle Rocks and South Ledge (Malaysia/Singapore) 

"
05-05-2008	/docket/files/103/14486.pdf	"05/05/2008 - Order of 5 May 2008 - Ahmadou Sadio Diallo (Republic of Guinea v. Democratic Republic of the Congo) 

Fixing of time-limits: Reply and Rejoinder"
31-03-2008	/docket/files/137/14627.pdf	"31/03/2008 - Order of 31 March 2008 - Maritime Dispute (Peru v. Chile) 

Fixing of time-limits: Memorial and Counter-Memorial"
11-02-2008	/docket/files/124/14463.pdf	"11/02/2008 - Order of 11 February 2008 - Territorial and Maritime Dispute (Nicaragua v. Colombia) 

Fixing time-limits: Counter Memorial"
13-12-2007	/docket/files/124/14305.pdf	"13/12/2007 - Judgment of 13 December 2007 - Territorial and Maritime Dispute (Nicaragua v. Colombia) 

Preliminary objections"
09-10-2007	/docket/files/133/14089.pdf	"09/10/2007 - Order of 9 October 2007 - Dispute regarding Navigational and Related Rights (Costa Rica v. Nicaragua) 

Fixing of time-limits: reply and rejoinder"
08-10-2007	/docket/files/120/14075.pdf	"08/10/2007 - Judgment of 8 October 2007 - Territorial and Maritime Dispute between Nicaragua and Honduras in the Caribbean Sea (Nicaragua v. Honduras)


"
14-09-2007	/docket/files/135/14051.pdf	"14/09/2007 - Order of 14 September 2007 - Pulp Mills on the River Uruguay (Argentina v. Uruguay) 

Fixing of time-limits: Reply and Rejoinder"
27-06-2007	/docket/files/103/13915.pdf	"27/06/2007 - Order of 27 June 2007 - Ahmadou Sadio Diallo (Republic of Guinea v. Democratic Republic of the Congo) 

Fixing of time-limit: Counter-Memorial"
08-06-2007	/docket/files/132/13893.pdf	"08/06/2007 - Order of 8 June 2007 - Maritime Delimitation in the Black Sea (Romania v. Ukraine) 

Extension of time-limit: Rejoinder"
24-05-2007	/docket/files/103/13856.pdf	"24/05/2007 - Judgment of 24 May 2007 - Ahmadou Sadio Diallo (Republic of Guinea v. Democratic Republic of the Congo) 

Preliminary Objections"
26-02-2007	/docket/files/91/13685.pdf	"26/02/2007 - Judgment of 26 February 2007 - Application of the Convention on the Prevention and Punishment of the Crime of Genocide (Bosnia and Herzegovina v. Serbia and Montenegro) 

"
23-01-2007	/docket/files/135/13615.pdf	"23/01/2007 - Order of 23 January 2007 - Pulp Mills on the River Uruguay (Argentina v. Uruguay) 

Request for the Indication of Provisional Measures"
15-11-2006	/docket/files/136/13854.pdf	"15/11/2006 - Order of 15 November 2006 - Certain Questions of Mutual Assistance in Criminal Matters (Djibouti v. France) 

Fixing of time-limits: Memorial and Counter-Memorial"
13-07-2006	/docket/files/135/11235.pdf	"13/07/2006 - Order of 13 July 2006 - Pulp Mills on the River Uruguay (Argentina v. Uruguay) 

Request for the Indication of Provisional Measures"
13-07-2006	/docket/files/135/11247.pdf	"13/07/2006 - Order of 13 July 2006 - Pulp Mills on the River Uruguay (Argentina v. Uruguay) 

Fixing of time-limits: Memorial and Counter-Memorial"
30-06-2006	/docket/files/132/11143.pdf	"30/06/2006 - Order of 30 June 2006 - Maritime Delimitation in the Black Sea (Romania v. Ukraine) 

Authorizing of submission of Reply and Rejoinder; Fixing of time-limits"
09-06-2006	/docket/files/134/11039.pdf	"09/06/2006 - Order of 9 June 2006 - Status vis-à-vis the Host State of a Diplomatic Envoy to the United Nations (Commonwealth of Dominica v. Switzerland) 

Removal from List"
03-02-2006	/docket/files/126/10435.pdf	"03/02/2006 - Judgment of 3 February 2006 - Armed Activities on the Territory of the Congo (New Application: 2002) (Democratic Republic of the Congo v. Rwanda) 

Jurisdiction of the Court and Admissibility of the Application"
11-01-2006	/docket/files/129/11069.pdf	"11/01/2006 - Order of 11 January 2006 - Certain Criminal Proceedings in France (Republic of the Congo v. France) 

Extension of time-limit: Reply and Rejoinder"
19-12-2005	/docket/files/116/10455.pdf	"19/12/2005 - Judgment of 19 December 2005 - Armed Activities on the Territory of the Congo (Democratic Republic of the Congo v. Uganda) 

"
29-11-2005	/docket/files/133/9289.pdf	"29/11/2005 - Order of 29 November 2005 - Dispute regarding Navigational and Related Rights (Costa Rica v. Nicaragua) 

Fixing of time-limits: Memorial and Counter-Memorial"
12-07-2005	/docket/files/125/8228.pdf	"12/07/2005 - Judgment of 12 July 2005 - Frontier Dispute (Benin/Niger) 

"
11-07-2005	/docket/files/129/11071.pdf	"11/07/2005 - Order of 11 July 2005 - Certain Criminal Proceedings in France (Republic of the Congo v. France) 

Extension of time-limit: Reply and Rejoinder"
16-02-2005	/docket/files/125/11047.pdf	"16/02/2005 - Order of 16 February 2005 - Frontier Dispute (Benin/Niger) 

Composition of Chamber"
10-02-2005	/docket/files/123/8234.pdf	"10/02/2005 - Judgment of 10 February 2005 - Certain Property (Liechtenstein v. Germany) 

Preliminary Objections"
01-02-2005	/docket/files/130/11065.pdf	"01/02/2005 - Order of 1 February 2005 - Sovereignty over Pedra Branca/Pulau Batu Puteh, Middle Rocks and South Ledge (Malaysia/Singapore) 

Fixing of time-limit: Replies"
29-12-2004	/docket/files/129/11067.pdf	"29/12/2004 - Order of 29 December 2004 - Certain Criminal Proceedings in France (Republic of the Congo v. France) 

Extension of time-limit: Reply and Rejoinder"
15-12-2004	/docket/files/105/8440.pdf	"15/12/2004 - Judgment of 15 December 2004 - Legality of Use of Force (Serbia and Montenegro v. Belgium) 

Preliminary Objections"
15-12-2004	/docket/files/106/8454.pdf	"15/12/2004 - Judgment of 15 December 2004 - Legality of Use of Force (Serbia and Montenegro v. Canada) 

Preliminary Objections"
15-12-2004	/docket/files/107/8468.pdf	"15/12/2004 - Judgment of 15 December 2004 - Legality of Use of Force (Serbia and Montenegro v. France) 

Preliminary Objections"
15-12-2004	/docket/files/108/8482.pdf	"15/12/2004 - Judgment of 15 December 2004 - Legality of Use of Force (Serbia and Monténégro v. Germany) 

Preliminary Objections"
15-12-2004	/docket/files/109/8496.pdf	"15/12/2004 - Judgment of 15 December 2004 - Legality of Use of Force (Serbia and Montenegro v. Italy) 

Preliminary Objections"
15-12-2004	/docket/files/110/8510.pdf	"15/12/2004 - Judgment of 15 December 2004 - Legality of Use of Force (Serbia and Montenegro v. Netherlands) 

Preliminary Objections"
15-12-2004	/docket/files/111/8524.pdf	"15/12/2004 - Judgment of 15 December 2004 - Legality of Use of Force (Serbia and Montenegro v. Portugal) 

Preliminary Objections"
15-12-2004	/docket/files/113/8538.pdf	"15/12/2004 - Judgment of 15 December 2004 - Legality of Use of Force (Serbia and Montenegro v. United Kingdom) 

Preliminary Objections"
08-12-2004	/docket/files/129/11073.pdf	"08/12/2004 - Order of 8 December 2004 - Certain Criminal Proceedings in France (Republic of the Congo v. France) 

Extension of time-limit: Reply and Rejoinder"
19-11-2004	/docket/files/132/8216.pdf	"19/11/2004 - Order of 19 November 2004 - Maritime Delimitation in the Black Sea (Romania v. Ukraine) 

Fixing of time-limits: Memorial and Counter-Memorial"
09-07-2004	/docket/files/125/11049.pdf	"09/07/2004 - Order of 9 July 2004 - Frontier Dispute (Benin/Niger) 

Decision regarding submission of Replies; fixing of time-limit: Replies"
09-07-2004	/docket/files/131/1671.pdf	"09/07/2004 - Advisory Opinion of 9 July 2004 - Legal Consequences of the Construction of a Wall in the Occupied Palestinian Territory 

Advisory Opinion of 9 July 2004"
17-06-2004	/docket/files/129/8220.pdf	"17/06/2004 - Order of 17 June 2004 - Certain Criminal Proceedings in France (Republic of the Congo v. France) 

Decision regarding submission of Reply and Rejoinder; fixing of time-limits: Reply and Rejoinder"
31-03-2004	/docket/files/128/8188.pdf	"31/03/2004 - Judgment of 31 March 2004 - Avena and Other Mexican Nationals (Mexico v. United States of America) 

"
30-01-2004	/docket/files/131/1533.pdf	"30/01/2004 - Order of 30 January 2004 - Legal Consequences of the Construction of a Wall in the Occupied Palestinian Territory 

Composition of the Court"
19-12-2003	/docket/files/131/1527.pdf	"19/12/2003 - Order of 19 December 2003 - Legal Consequences of the Construction of a Wall in the Occupied Palestinian Territory 

Fixing of time-limit: Written Statements"
18-12-2003	/docket/files/127/8222.pdf	"18/12/2003 - Judgment of 18 December 2003 - Application for Revision of the Judgment of 11 September 1992 in the Case concerning the Land, Island and Maritime Frontier Dispute (El Salvador/Honduras: Nicaragua intervening) (El Salvador v. Honduras) 

"
06-11-2003	/docket/files/90/9715.pdf	"06/11/2003 - Judgment of 6 November 2003 - Oil Platforms (Islamic Republic of Iran v. United States of America) 

"
24-09-2003	/docket/files/124/8150.pdf	"24/09/2003 - Order of 24 September 2003 - Territorial and Maritime Dispute (Nicaragua v. Colombia) 

Fixing of time-limit: Written Statement of observations and submissions on Preliminary Objections"
11-09-2003	/docket/files/125/8156.pdf	"11/09/2003 - Order of 11 September 2003 - Frontier Dispute (Benin/Niger) 

Fixing of time-limit: Counter-Memorials"
10-09-2003	/docket/files/88/7121.pdf	"10/09/2003 - Order of 10 September 2003 - Questions of Interpretation and Application of the 1971 Montreal Convention arising from the Aerial Incident at Lockerbie (Libyan Arab Jamahiriya v. United Kingdom) 

Removal from the list"
10-09-2003	/docket/files/89/7247.pdf	"10/09/2003 - Order of 10 September 2003 - Questions of Interpretation and Application of the 1971 Montreal Convention arising from the Aerial Incident at Lockerbie (Libyan Arab Jamahiriya v. United States of America) 

Removal from the list"
01-09-2003	/docket/files/130/1783.pdf	"01/09/2003 - Order of 1 September 2003 - Sovereignty over Pedra Branca/Pulau Batu Puteh, Middle Rocks and South Ledge (Malaysia/Singapore) 

Fixing of time-limits: Memorials and Counter-Memorials"
11-07-2003	/docket/files/129/8212.pdf	"11/07/2003 - Order of 11 July 2003 - Certain Criminal Proceedings in France (Republic of the Congo v. France) 

Fixing of time-limits: Memorial and Counter-Memorial"
17-06-2003	/docket/files/129/8204.pdf	"17/06/2003 - Order of 17 June 2003 - Certain Criminal Proceedings in France (Republic of the Congo v. France) 

Request for the Indication of a Provisional Measure"
22-05-2003	/docket/files/128/8186.pdf	"22/05/2003 - Order of 22 May 2003 - Avena and Other Mexican Nationals (Mexico v. United States of America) 

Extension of time-limits: Memorial and Counter-Memorial"
05-02-2003	/docket/files/128/8180.pdf	"05/02/2003 - Order of 5 February 2003 - Avena and Other Mexican Nationals (Mexico v. United States of America) 

Request for the Indication of Provisional Measures"
05-02-2003	/docket/files/128/8184.pdf	"05/02/2003 - Order of 5 February 2003 - Avena and Other Mexican Nationals (Mexico v. United States of America) 

Fixing of time-limits: Memorial and Counter-Memorial"
03-02-2003	/docket/files/122/8248.pdf	"03/02/2003 - Judgment of 3 February 2003 - Application for Revision of the Judgment of 11 July 1996 in the Case concerning Application of the Convention on the Prevention and Punishment of the Crime of Genocide (Bosnia and Herzegovina v. Yugoslavia), Preliminary Objections (Yugoslavia v. Bosnia and Herzegovina) 

"
29-01-2003	/docket/files/116/8072.pdf	"29/01/2003 - Order of 29 January 2003 - Armed Activities on the Territory of the Congo (Democratic Republic of the Congo v. Uganda) 

Decision regarding submission of additional pleading on Counter-claims; fixing of time-limit"
17-12-2002	/docket/files/102/7714.pdf	"17/12/2002 - Judgment of 17 December 2002 - Sovereignty over Pulau Ligitan and Pulau Sipadan (Indonesia/Malaysia) 

"
27-11-2002	/docket/files/125/8152.pdf	"27/11/2002 - Order of 27 November 2002 - Frontier Dispute (Benin/Niger) 

Formation of Chamber; fixing of time-limit: Memorials"
27-11-2002	/docket/files/127/8176.pdf	"27/11/2002 - Order of 27 November 2002 - Application for Revision of the Judgment of 11 September 1992 in the Case concerning the Land, Island and Maritime Frontier Dispute (El Salvador/Honduras: Nicaragua intervening) (El Salvador v. Honduras) 

Formation of Chamber; fixing of time-limit: written observations on admissibility"
14-11-2002	/docket/files/118/8084.pdf	"14/11/2002 - Order of 14 November 2002 - Application of the Convention on the Prevention and Punishment of the Crime of Genocide (Croatia v. Serbia) 

Fixing of time-limit: Written Statement of Observations and Submissions on Preliminary Objections"
07-11-2002	/docket/files/103/7724.pdf	"07/11/2002 - Order of 7 November 2002 - Ahmadou Sadio Diallo (Republic of Guinea v. Democratic Republic of the Congo) 

Fixing of time-limit: Written Statement of observations and submissions on Preliminary Objections"
07-11-2002	/docket/files/116/8070.pdf	"07/11/2002 - Order of 7 November 2002 - Armed Activities on the Territory of the Congo (Democratic Republic of the Congo v. Uganda) 

Extension of time-limit: Rejoinder"
10-10-2002	/docket/files/94/7453.pdf	"10/10/2002 - Judgment of 10 October 2002 - Land and Maritime Boundary between Cameroon and Nigeria (Cameroon v. Nigeria: Equatorial Guinea intervening) 

"
18-09-2002	/docket/files/126/8172.pdf	"18/09/2002 - Order of 18 September 2002 - Armed Activities on the Territory of the Congo (New Application: 2002) (Democratic Republic of the Congo v. Rwanda) 

Decision regarding content of written pleadings; fixing of time-limits: Memorial and Counter-Memorial"
12-07-2002	/docket/files/123/8146.pdf	"12/07/2002 - Order of 12 July 2002 - Certain Property (Liechtenstein v. Germany) 

Fixing of time-limit: Written Statement of observations and submissions on Preliminary Objections"
10-07-2002	/docket/files/126/8158.pdf	"10/07/2002 - Order of 10 July 2002 - Armed Activities on the Territory of the Congo (New Application: 2002) (Democratic Republic of the Congo v. Rwanda) 

Request for the Indication of Provisional Measures"
13-06-2002	/docket/files/120/8104.pdf	"13/06/2002 - Order of 13 June 2002 - Territorial and Maritime Dispute between Nicaragua and Honduras in the Caribbean Sea (Nicaragua v. Honduras)


Authorizing submission of Reply and Rejoinder; fixing of time-limits: Reply and Rejoinder"
20-03-2002	/docket/files/105/7818.pdf	"20/03/2002 - Order of 20 March 2002 - Legality of Use of Force (Serbia and Montenegro v. Belgium) 

Extension of time-limit: Written Statement of observations and submissions on Preliminary Objections"
20-03-2002	/docket/files/106/7846.pdf	"20/03/2002 - Order of 20 March 2002 - Legality of Use of Force (Serbia and Montenegro v. Canada) 

Extension of time-limit: Written Statement of observations and submissions on Preliminary Objections"
20-03-2002	/docket/files/107/7872.pdf	"20/03/2002 - Order of 20 March 2002 - Legality of Use of Force (Serbia and Montenegro v. France) 

Extension of time-limit: Written Statement of observations and submissions on Preliminary Objections"
20-03-2002	/docket/files/108/7896.pdf	"20/03/2002 - Order of 20 March 2002 - Legality of Use of Force (Serbia and Monténégro v. Germany) 

Extension of time-limit: Written Statement of observations and submissions on Preliminary Objections"
20-03-2002	/docket/files/109/7922.pdf	"20/03/2002 - Order of 20 March 2002 - Legality of Use of Force (Serbia and Montenegro v. Italy) 

Extension of time-limit: Written Statement of observations and submissions on Preliminary Objections"
20-03-2002	/docket/files/110/7950.pdf	"20/03/2002 - Order of 20 March 2002 - Legality of Use of Force (Serbia and Montenegro v. Netherlands) 

Extension of time-limit: Written Statement of observations and submissions on Preliminary Objections"
20-03-2002	/docket/files/111/7978.pdf	"20/03/2002 - Order of 20 March 2002 - Legality of Use of Force (Serbia and Montenegro v. Portugal) 

Extension of time-limit: Written Statement of observations and submissions on Preliminary Objections"
20-03-2002	/docket/files/113/8034.pdf	"20/03/2002 - Order of 20 March 2002 - Legality of Use of Force (Serbia and Montenegro v. United Kingdom) 

Extension of time-limit: Written Statement of observations and submissions on Preliminary Objections"
26-02-2002	/docket/files/124/8148.pdf	"26/02/2002 - Order of 26 February 2002 - Territorial and Maritime Dispute (Nicaragua v. Colombia) 

Fixing of time-limits: Memorial and Counter-Memorial"
14-02-2002	/docket/files/121/8126.pdf	"14/02/2002 - Judgment of 14 February 2002 - Arrest Warrant of 11 April 2000 (Democratic Republic of the Congo v. Belgium) 

"
29-11-2001	/docket/files/116/8066.pdf	"29/11/2001 - Order of 29 November 2001 - Armed Activities on the Territory of the Congo (Democratic Republic of the Congo v. Uganda) 

Finding on Counter-claims; fixing of time-limits: Reply and Rejoinder"
23-10-2001	/docket/files/102/7698.pdf	"23/10/2001 - Judgment of 23 October 2001 - Sovereignty over Pulau Ligitan and Pulau Sipadan (Indonesia/Malaysia) 

Application by the Philippines for Permission to Intervene"
10-09-2001	/docket/files/91/13102.pdf	"10/09/2001 - Order of 10 September 2001 - Application of the Convention on the Prevention and Punishment of the Crime of Genocide (Bosnia and Herzegovina v. Serbia and Montenegro) 

Withdrawal of Counter-claims"
28-08-2001	/docket/files/90/9747.pdf	"28/08/2001 - Order of 28 August 2001 - Oil Platforms (Islamic Republic of Iran v. United States of America) 

Authorizing submission of pleading relating to Counter-Claim and fixing of time-limit therefor"
28-06-2001	/docket/files/123/9761.pdf	"28/06/2001 - Order of 28 June 2001 - Certain Property (Liechtenstein v. Germany) 

Fixing of time-limits: Memorial and Counter-Memorial"
27-06-2001	/docket/files/104/7736.pdf	"27/06/2001 - Judgment of 27 June 2001 - LaGrand (Germany v. United States of America) 

"
27-06-2001	/docket/files/121/11045.pdf	"27/06/2001 - Order of 27 June 2001 - Arrest Warrant of 11 April 2000 (Democratic Republic of the Congo v. Belgium) 

Rejection of Preliminary Objections; extension of time-limit: Counter-Memorial"
12-04-2001	/docket/files/121/11043.pdf	"12/04/2001 - Order of 12 April 2001 - Arrest Warrant of 11 April 2000 (Democratic Republic of the Congo v. Belgium) 

Extension of time-limits: Memorial and Counter-Memorial"
16-03-2001	/docket/files/87/7027.pdf	"16/03/2001 - Judgment of 16 March 2001 - Maritime Delimitation and Territorial Questions between Qatar and Bahrain (Qatar v. Bahrain) 

Merits"
14-03-2001	/docket/files/121/8124.pdf	"14/03/2001 - Order of 14 March 2001 - Arrest Warrant of 11 April 2000 (Democratic Republic of the Congo v. Belgium) 

Extension of time-limits: Memorial and Counter-Memorial"
21-02-2001	/docket/files/105/7814.pdf	"21/02/2001 - Order of 21 February 2001 - Legality of Use of Force (Serbia and Montenegro v. Belgium) 

Extension of time-limit: Written Statement of observations and submissions on Preliminary Objections"
21-02-2001	/docket/files/106/7844.pdf	"21/02/2001 - Order of 21 February 2001 - Legality of Use of Force (Serbia and Montenegro v. Canada) 

Extension of time-limit: Written Statement of observations and submissions on Preliminary Objections"
21-02-2001	/docket/files/107/7870.pdf	"21/02/2001 - Order of 21 February 2001 - Legality of Use of Force (Serbia and Montenegro v. France) 

Extension of time-limit: Written Statement of observations and submissions on Preliminary Objections"
21-02-2001	/docket/files/108/7894.pdf	"21/02/2001 - Order of 21 February 2001 - Legality of Use of Force (Serbia and Monténégro v. Germany) 

Extension of time-limit: Written Statement of observations and submissions on Preliminary Objections"
21-02-2001	/docket/files/109/7920.pdf	"21/02/2001 - Order of 21 February 2001 - Legality of Use of Force (Serbia and Montenegro v. Italy) 

Extension of time-limit: Written Statement of observations and submissions on Preliminary Objections"
21-02-2001	/docket/files/110/7948.pdf	"21/02/2001 - Order of 21 February 2001 - Legality of Use of Force (Serbia and Montenegro v. Netherlands) 

Extension of time-limit: Written Statement of observations and submissions on Preliminary Objections"
21-02-2001	/docket/files/111/7976.pdf	"21/02/2001 - Order of 21 February 2001 - Legality of Use of Force (Serbia and Montenegro v. Portugal) 

Extension of time-limit: Written Statement of observations and submissions on Preliminary Objections"
21-02-2001	/docket/files/113/8032.pdf	"21/02/2001 - Order of 21 February 2001 - Legality of Use of Force (Serbia and Montenegro v. United Kingdom) 

Extension of time-limit: Written Statement of observations and submissions on Preliminary Objections"
20-02-2001	/docket/files/94/7451.pdf	"20/02/2001 - Order of 20 February 2001 - Land and Maritime Boundary between Cameroon and Nigeria (Cameroon v. Nigeria: Equatorial Guinea intervening) 

Authorizing of submission of pleading relating to Counter-claims and fixing of time-limit therefor"
30-01-2001	/docket/files/115/8054.pdf	"30/01/2001 - Order of 30 January 2001 - Armed Activities on the Territory of the Congo (Democratic Republic of the Congo v. Burundi) 

Removal from List"
30-01-2001	/docket/files/117/10576.pdf	"30/01/2001 - Order of 30 January 2001 - Armed Activities on the Territory of the Congo (Democratic Republic of the Congo v. Rwanda) 

Removal from List"
13-12-2000	/docket/files/121/8122.pdf	"13/12/2000 - Order of 13 December 2000 - Arrest Warrant of 11 April 2000 (Democratic Republic of the Congo v. Belgium) 

Fixing of time-limits: Memorial and Counter-Memorial"
08-12-2000	/docket/files/121/8106.pdf	"08/12/2000 - Order of 8 December 2000 - Arrest Warrant of 11 April 2000 (Democratic Republic of the Congo v. Belgium) 

Request for the Indication of Provisional Measures"
19-10-2000	/docket/files/102/7696.pdf	"19/10/2000 - Order of 19 October 2000 - Sovereignty over Pulau Ligitan and Pulau Sipadan (Indonesia/Malaysia) 

Fixing of time-limit: Replies"
19-10-2000	/docket/files/115/8052.pdf	"19/10/2000 - Order of 19 October 2000 - Armed Activities on the Territory of the Congo (Democratic Republic of the Congo v. Burundi) 

Extension of time-limit: Counter-Memorial"
19-10-2000	/docket/files/117/8076.pdf	"19/10/2000 - Order of 19 October 2000 - Armed Activities on the Territory of the Congo (Democratic Republic of the Congo v. Rwanda) 

Extension of time-limit: Counter-Memorial"
08-09-2000	/docket/files/103/7722.pdf	"08/09/2000 - Order of 8 September 2000 - Ahmadou Sadio Diallo (Republic of Guinea v. Democratic Republic of the Congo) 

Extension of time-limits: Memorial and Counter-Memorial"
08-09-2000	/docket/files/105/7812.pdf	"08/09/2000 - Order of 8 September 2000 - Legality of Use of Force (Serbia and Montenegro v. Belgium) 

Fixing of time-limit: Written Statement of observations and submissions on Preliminary Objections"
08-09-2000	/docket/files/106/7842.pdf	"08/09/2000 - Order of 8 September 2000 - Legality of Use of Force (Serbia and Montenegro v. Canada) 

Fixing of time-limit: Written Statement of observations and submissions on Preliminary Objections"
08-09-2000	/docket/files/107/7868.pdf	"08/09/2000 - Order of 8 September 2000 - Legality of Use of Force (Serbia and Montenegro v. France) 

Fixing of time-limit: Written Statement of observations and submissions on Preliminary Objections"
08-09-2000	/docket/files/108/7892.pdf	"08/09/2000 - Order of 8 September 2000 - Legality of Use of Force (Serbia and Monténégro v. Germany) 

Fixing of time-limit: Written Statement of observations and submissions on Preliminary Objections"
08-09-2000	/docket/files/109/7918.pdf	"08/09/2000 - Order of 8 September 2000 - Legality of Use of Force (Serbia and Montenegro v. Italy) 

Fixing of time-limit: Written Statement of observations and submissions on Preliminary Objections"
08-09-2000	/docket/files/110/7946.pdf	"08/09/2000 - Order of 8 September 2000 - Legality of Use of Force (Serbia and Montenegro v. Netherlands) 

Fixing of time-limit: Written Statement of observations and submissions on Preliminary Objections"
08-09-2000	/docket/files/111/7974.pdf	"08/09/2000 - Order of 8 September 2000 - Legality of Use of Force (Serbia and Montenegro v. Portugal) 

Fixing of time-limit: Written Statement of observations and submissions on Preliminary Objections"
08-09-2000	/docket/files/113/11031.pdf	"08/09/2000 - Order of 8 September 2000 - Legality of Use of Force (Serbia and Montenegro v. United Kingdom) 

Fixing of time-limit: Written Statement of observations and submissions on Preliminary Objections"
06-09-2000	/docket/files/88/7119.pdf	"06/09/2000 - Order of 6 September 2000 - Questions of Interpretation and Application of the 1971 Montreal Convention arising from the Aerial Incident at Lockerbie (Libyan Arab Jamahiriya v. United Kingdom) 

Fixing of time-limit: Rejoinder"
06-09-2000	/docket/files/89/13064.pdf	"06/09/2000 - Order of 6 September 2000 - Questions of Interpretation and Application of the 1971 Montreal Convention arising from the Aerial Incident at Lockerbie (Libyan Arab Jamahiriya v. United States of America) 

Fixing of time-limits: Rejoinder"
04-09-2000	/docket/files/90/7285.pdf	"04/09/2000 - Order of 4 September 2000 - Oil Platforms (Islamic Republic of Iran v. United States of America) 

Extension of time-limit Rejoinder"
01-07-2000	/docket/files/116/8058.pdf	"01/07/2000 - Order of 1 July 2000 - Armed Activities on the Territory of the Congo (Democratic Republic of the Congo v. Uganda) 

Request for the Indication of Provisional Measures"
27-06-2000	/docket/files/118/8082.pdf	"27/06/2000 - Order of 27 June 2000 - Application of the Convention on the Prevention and Punishment of the Crime of Genocide (Croatia v. Serbia) 

Extension of time-limits: Memorial and Counter-Memorial"
21-06-2000	/docket/files/119/8088.pdf	"21/06/2000 - Judgment of 21 June 2000 - Aerial Incident of 10 August 1999 (Pakistan v. India) 

Jurisdiction of the Court"
11-05-2000	/docket/files/102/7694.pdf	"11/05/2000 - Order of 11 May 2000 - Sovereignty over Pulau Ligitan and Pulau Sipadan (Indonesia/Malaysia) 

Extension of time-limit: Counter-Memorials"
21-03-2000	/docket/files/120/8102.pdf	"21/03/2000 - Order of 21 March 2000 - Territorial and Maritime Dispute between Nicaragua and Honduras in the Caribbean Sea (Nicaragua v. Honduras)


Fixing of time-limits: Memorial and Counter-Memorial"
10-03-2000	/docket/files/118/8080.pdf	"10/03/2000 - Order of 10 March 2000 - Application of the Convention on the Prevention and Punishment of the Crime of Genocide (Croatia v. Serbia) 

Extension of time-limits: Memorial and Counter-Memorial"
13-12-1999	/docket/files/98/7577.pdf	"13/12/1999 - Judgment of 13 December 1999 - Kasikili/Sedudu Island (Botswana/Namibia) 

"
25-11-1999	/docket/files/103/7720.pdf	"25/11/1999 - Order of 25 November 1999 - Ahmadou Sadio Diallo (Republic of Guinea v. Democratic Republic of the Congo) 

Fixing of time-limits: Memorial and Counter-Memorial"
19-11-1999	/docket/files/119/8086.pdf	"19/11/1999 - Order of 19 November 1999 - Aerial Incident of 10 August 1999 (Pakistan v. India) 

Decision regarding content of written proceedings; fixing of time-limits: Memorial and Counter-Memorial"
21-10-1999	/docket/files/115/8050.pdf	"21/10/1999 - Order of 21 October 1999 - Armed Activities on the Territory of the Congo (Democratic Republic of the Congo v. Burundi) 

Decision regarding content of written proceedings; fixing of time-limits: Memorial and Counter-Memorial"
21-10-1999	/docket/files/116/8056.pdf	"21/10/1999 - Order of 21 October 1999 - Armed Activities on the Territory of the Congo (Democratic Republic of the Congo v. Uganda) 

Decision regarding content of written proceedings; fixing of time-limits: Memorial and Counter-Memorial"
21-10-1999	/docket/files/117/8074.pdf	"21/10/1999 - Order of 21 October 1999 - Armed Activities on the Territory of the Congo (Democratic Republic of the Congo v. Rwanda) 

Decision regarding content of written proceedings; fixing of time-limits: Memorial and Counter-Memorial"
21-10-1999	/docket/files/94/7449.pdf	"21/10/1999 - Order of 21 October 1999 - Land and Maritime Boundary between Cameroon and Nigeria (Cameroon v. Nigeria: Equatorial Guinea intervening) 

Decision on intervention; fixing of time-limits: Written Statement and Written Observations"
14-09-1999	/docket/files/102/7692.pdf	"14/09/1999 - Order of 14 September 1999 - Sovereignty over Pulau Ligitan and Pulau Sipadan (Indonesia/Malaysia) 

Extension of time-limit: Counter-Memorials"
14-09-1999	/docket/files/118/8078.pdf	"14/09/1999 - Order of 14 September 1999 - Application of the Convention on the Prevention and Punishment of the Crime of Genocide (Croatia v. Serbia) 

Fixing of time-limits: Memorial and Counter-Memorial"
30-06-1999	/docket/files/105/7786.pdf	"30/06/1999 - Order of 30 June 1999 - Legality of Use of Force (Serbia and Montenegro v. Belgium) 

Fixing of time-limits: Memorial and Counter-Memorial"
30-06-1999	/docket/files/106/7840.pdf	"30/06/1999 - Order of 30 June 1999 - Legality of Use of Force (Serbia and Montenegro v. Canada) 

Fixing of time-limit: Memorial and Counter-Memorial"
30-06-1999	/docket/files/107/7866.pdf	"30/06/1999 - Order of 30 June 1999 - Legality of Use of Force (Serbia and Montenegro v. France) 

Fixing of time-limits: Memorial and Counter-Memorial"
30-06-1999	/docket/files/108/7890.pdf	"30/06/1999 - Order of 30 June 1999 - Legality of Use of Force (Serbia and Monténégro v. Germany) 

Fixing of time-limits: Memorial and Counter-Memorial"
30-06-1999	/docket/files/109/7916.pdf	"30/06/1999 - Order of 30 June 1999 - Legality of Use of Force (Serbia and Montenegro v. Italy) 

Fixing of time-limits: Memorial and Counter-Memorial"
30-06-1999	/docket/files/110/7944.pdf	"30/06/1999 - Order of 30 June 1999 - Legality of Use of Force (Serbia and Montenegro v. Netherlands) 

Fixing of time-limits: Memorial and Counter-Memorial"
30-06-1999	/docket/files/111/7972.pdf	"30/06/1999 - Order of 30 June 1999 - Legality of Use of Force (Serbia and Montenegro v. Portugal) 

Fixing of time-limits: Memorial and Counter-Memorial"
30-06-1999	/docket/files/113/8030.pdf	"30/06/1999 - Order of 30 June 1999 - Legality of Use of Force (Serbia and Montenegro v. United Kingdom) 

Fixing of time-limits: Memorial and Counter-Memorial"
30-06-1999	/docket/files/94/7447.pdf	"30/06/1999 - Order of 30 June 1999 - Land and Maritime Boundary between Cameroon and Nigeria (Cameroon v. Nigeria: Equatorial Guinea intervening) 

Finding regarding Counter-claims; decision on submission of Reply and Rejoinder; fixing of time-limits: Reply and Rejoinder"
29-06-1999	/docket/files/88/7117.pdf	"29/06/1999 - Order of 29 June 1999 - Questions of Interpretation and Application of the 1971 Montreal Convention arising from the Aerial Incident at Lockerbie (Libyan Arab Jamahiriya v. United Kingdom) 

Authorizing submission of Reply and Rejoinder; fixing of time-limit: Reply"
29-06-1999	/docket/files/89/7245.pdf	"29/06/1999 - Order of 29 June 1999 - Questions of Interpretation and Application of the 1971 Montreal Convention arising from the Aerial Incident at Lockerbie (Libyan Arab Jamahiriya v. United States of America) 

Authorizing submission of Reply and Rejoinder; fixing of time-limit: Reply"
02-06-1999	/docket/files/105/7764.pdf	"02/06/1999 - Order of 2 June 1999 - Legality of Use of Force (Serbia and Montenegro v. Belgium) 

Request for the Indication of Provisional Measures"
02-06-1999	/docket/files/106/7820.pdf	"02/06/1999 - Order of 2 June 1999 - Legality of Use of Force (Serbia and Montenegro v. Canada) 

Request for the Indication of Provisional Measures"
02-06-1999	/docket/files/107/7850.pdf	"02/06/1999 - Order of 2 June 1999 - Legality of Use of Force (Serbia and Montenegro v. France) 

Request for the Indication of Provisional Measures"
02-06-1999	/docket/files/108/7874.pdf	"02/06/1999 - Order of 2 June 1999 - Legality of Use of Force (Serbia and Monténégro v. Germany) 

Request for the Indication of Provisional Measures"
02-06-1999	/docket/files/109/7898.pdf	"02/06/1999 - Order of 2 June 1999 - Legality of Use of Force (Serbia and Montenegro v. Italy) 

Request for the Indication of Provisional Measures"
02-06-1999	/docket/files/110/7924.pdf	"02/06/1999 - Order of 2 June 1999 - Legality of Use of Force (Serbia and Montenegro v. Netherlands) 

Request for the Indication of Provisional Measures"
02-06-1999	/docket/files/111/7952.pdf	"02/06/1999 - Order of 2 June 1999 - Legality of Use of Force (Serbia and Montenegro v. Portugal) 

Request for the Indication of Provisional Measures"
02-06-1999	/docket/files/112/7992.pdf	"02/06/1999 - Order of 2 June 1999 - Legality of Use of Force (Yugoslavia v. Spain) 

Request for the Indication of Provisional Measures (Removal from List)"
02-06-1999	/docket/files/113/8010.pdf	"02/06/1999 - Order of 2 June 1999 - Legality of Use of Force (Serbia and Montenegro v. United Kingdom) 

Request for the Indication of Provisional Measures"
02-06-1999	/docket/files/114/8036.pdf	"02/06/1999 - Order of 2 June 1999 - Legality of Use of Force (Yugoslavia v. United States of America) 

Request for the Indication of Provisional Measures (Removal from List)"
29-04-1999	/docket/files/100/7619.pdf	"29/04/1999 - Advisory Opinion of 29 April 1999 - Difference Relating to Immunity from Legal Process of a Special Rapporteur of the Commission on Human Rights 

Advisory Opinion of 29 April 1999"
25-03-1999	/docket/files/101/7631.pdf	"25/03/1999 - Judgment of 25 March 1999 - Request for Interpretation of the Judgment of 11 June 1998 in the Case concerning the Land and Maritime Boundary between Cameroon and Nigeria (Cameroon v. Nigeria), Preliminary Objections (Nigeria v. Cameroon) 

"
05-03-1999	/docket/files/104/7734.pdf	"05/03/1999 - Order of 5 March 1999 - LaGrand (Germany v. United States of America) 

Fixing of time-limits: Memorial and Counter-Memorial"
03-03-1999	/docket/files/104/7726.pdf	"03/03/1999 - Order of 3 March 1999 - LaGrand (Germany v. United States of America) 

Request for the Indication of Provisional Measures"
03-03-1999	/docket/files/94/7445.pdf	"03/03/1999 - Order of 3 March 1999 - Land and Maritime Boundary between Cameroon and Nigeria (Cameroon v. Nigeria: Equatorial Guinea intervening) 

Extension of time-limit: Counter-Memorial"
17-02-1999	/docket/files/87/6993.pdf	"17/02/1999 - Order of 17 February 1999 - Maritime Delimitation and Territorial Questions between Qatar and Bahrain (Qatar v. Bahrain) 

Decision regarding content of the Replies; extension of time-limit: Replies (Merits)"
17-12-1998	/docket/files/88/7115.pdf	"17/12/1998 - Order of 17 December 1998 - Questions of Interpretation and Application of the 1971 Montreal Convention arising from the Aerial Incident at Lockerbie (Libyan Arab Jamahiriya v. United Kingdom) 

Extension of time-limit: Counter-Memorial"
17-12-1998	/docket/files/89/7243.pdf	"17/12/1998 - Order of 17 December 1998 - Questions of Interpretation and Application of the 1971 Montreal Convention arising from the Aerial Incident at Lockerbie (Libyan Arab Jamahiriya v. United States of America) 

Extension of time-limit: Counter-Memorial"
11-12-1998	/docket/files/91/7347.pdf	"11/12/1998 - Order of 11 December 1998 - Application of the Convention on the Prevention and Punishment of the Crime of Genocide (Bosnia and Herzegovina v. Serbia and Montenegro) 

Extension of time-limit: Rejoinder"
08-12-1998	/docket/files/90/7283.pdf	"08/12/1998 - Order of 8 December 1998 - Oil Platforms (Islamic Republic of Iran v. United States of America) 

Extension of time-limits Reply and Rejoinder"
04-12-1998	/docket/files/96/7533.pdf	"04/12/1998 - Judgment of 4 December 1998 - Fisheries Jurisdiction (Spain v. Canada) 

Jurisdiction of the Court"
10-11-1998	/docket/files/102/7690.pdf	"10/11/1998 - Order of 10 November 1998 - Sovereignty over Pulau Ligitan and Pulau Sipadan (Indonesia/Malaysia) 

Fixing of time-limits: Memorials and Counter-Memorials"
10-11-1998	/docket/files/99/7615.pdf	"10/11/1998 - Order of 10 November 1998 - Vienna Convention on Consular Relations (Paraguay v. United States of America) 

Removal from List"
10-08-1998	/docket/files/100/7617.pdf	"10/08/1998 - Order of 10 August 1998 - Difference Relating to Immunity from Legal Process of a Special Rapporteur of the Commission on Human Rights 

Decision on furnishing of information; fixing of time-limits : Written Statements and Written Comments on Written Statements"
30-06-1998	/docket/files/94/7443.pdf	"30/06/1998 - Order of 30 June 1998 - Land and Maritime Boundary between Cameroon and Nigeria (Cameroon v. Nigeria: Equatorial Guinea intervening) 

Fixing of time-limit: Counter-Memorial"
11-06-1998	/docket/files/94/7473.pdf	"11/06/1998 - Judgment of 11 June 1998 - Land and Maritime Boundary between Cameroon and Nigeria (Cameroon v. Nigeria: Equatorial Guinea intervening) 

Preliminary Objections"
08-06-1998	/docket/files/99/7613.pdf	"08/06/1998 - Order of 8 June 1998 - Vienna Convention on Consular Relations (Paraguay v. United States of America) 

Extension of time-limits: Memorial and Counter-Memorial"
26-05-1998	/docket/files/90/7281.pdf	"26/05/1998 - Order of 26 May 1998 - Oil Platforms (Islamic Republic of Iran v. United States of America) 

Extension of time-limits Reply and Rejoinder"
09-04-1998	/docket/files/99/7599.pdf	"09/04/1998 - Order of 9 April 1998 - Vienna Convention on Consular Relations (Paraguay v. United States of America) 

Request for the Indication of Provisional Measures"
09-04-1998	/docket/files/99/7611.pdf	"09/04/1998 - Order of 9 April 1998 - Vienna Convention on Consular Relations (Paraguay v. United States of America) 

Fixing of time-limits: Memorial and Counter-Memorial"
30-03-1998	/docket/files/87/11013.pdf	"30/03/1998 - Order of 30 March 1998 - Maritime Delimitation and Territorial Questions between Qatar and Bahrain (Qatar v. Bahrain) 

Decision concerning content of Replies; fixing of time-limits: interim report and Replies (Merits)"
30-03-1998	/docket/files/88/7113.pdf	"30/03/1998 - Order of 30 March 1998 - Questions of Interpretation and Application of the 1971 Montreal Convention arising from the Aerial Incident at Lockerbie (Libyan Arab Jamahiriya v. United Kingdom) 

Fixing of time-limit: Counter-Memorial"
30-03-1998	/docket/files/89/7241.pdf	"30/03/1998 - Order of 30 March 1998 - Questions of Interpretation and Application of the 1971 Montreal Convention arising from the Aerial Incident at Lockerbie (Libyan Arab Jamahiriya v. United States of America) 

Fixing of time-limit: Counter-Memorial"
10-03-1998	/docket/files/90/7273.pdf	"10/03/1998 - Order of 10 March 1998 - Oil Platforms (Islamic Republic of Iran v. United States of America) 

Counter-claim"
27-02-1998	/docket/files/88/7129.pdf	"27/02/1998 - Judgment of 27 February 1998 - Questions of Interpretation and Application of the 1971 Montreal Convention arising from the Aerial Incident at Lockerbie (Libyan Arab Jamahiriya v. United Kingdom) 

Preliminary Objections"
27-02-1998	/docket/files/89/7249.pdf	"27/02/1998 - Judgment of 27 February 1998 - Questions of Interpretation and Application of the 1971 Montreal Convention arising from the Aerial Incident at Lockerbie (Libyan Arab Jamahiriya v. United States of America) 

Preliminary Objections"
27-02-1998	/docket/files/98/7575.pdf	"27/02/1998 - Order of 27 February 1998 - Kasikili/Sedudu Island (Botswana/Namibia) 

Fixing of time-limit: Replies"
22-01-1998	/docket/files/91/7345.pdf	"22/01/1998 - Order of 22 January 1998 - Application of the Convention on the Prevention and Punishment of the Crime of Genocide (Bosnia and Herzegovina v. Serbia and Montenegro) 

Extension of time-limits: Reply and Rejoinder"
17-12-1997	/docket/files/91/7335.pdf	"17/12/1997 - Order of 17 December 1997 - Application of the Convention on the Prevention and Punishment of the Crime of Genocide (Bosnia and Herzegovina v. Serbia and Montenegro) 

Counter-Claims"
25-09-1997	/docket/files/92/7375.pdf	"25/09/1997 - Judgment of 25 September 1997 - Gabčíkovo-Nagymaros Project (Hungary/Slovakia) 

"
05-02-1997	/docket/files/92/9751.pdf	"05/02/1997 - Order of 5 February 1997 - Gabčíkovo-Nagymaros Project (Hungary/Slovakia) 

Decision of the Court concerning site visit"
16-12-1996	/docket/files/90/7271.pdf	"16/12/1996 - Order of 16 December 1996 - Oil Platforms (Islamic Republic of Iran v. United States of America) 

Fixing of time-limit: Counter-Memorial"
12-12-1996	/docket/files/90/7287.pdf	"12/12/1996 - Judgment of 12 December 1996 - Oil Platforms (Islamic Republic of Iran v. United States of America) 

Preliminary Objection"
30-10-1996	/docket/files/87/6991.pdf	"30/10/1996 - Order of 30 October 1996 - Maritime Delimitation and Territorial Questions between Qatar and Bahrain (Qatar v. Bahrain) 

Fixing of time-limit: Counter-Memorials (Merits)"
23-07-1996	/docket/files/91/7333.pdf	"23/07/1996 - Order of 23 July 1996 - Application of the Convention on the Prevention and Punishment of the Crime of Genocide (Bosnia and Herzegovina v. Serbia and Montenegro) 

Fixing of time-limit: Counter-Memorial"
11-07-1996	/docket/files/91/7349.pdf	"11/07/1996 - Judgment of 11 July 1996 - Application of the Convention on the Prevention and Punishment of the Crime of Genocide (Bosnia and Herzegovina v. Serbia and Montenegro) 

Preliminary Objections"
08-07-1996	/docket/files/93/7407.pdf	"08/07/1996 - Advisory Opinion of 8 July 1996 - Legality of the Use by a State of Nuclear Weapons in Armed Conflict 

Advisory Opinion of 8 July 1996"
08-07-1996	/docket/files/95/7495.pdf	"08/07/1996 - Advisory Opinion of 8 July 1996 - Legality of the Threat or Use of Nuclear Weapons 

Advisory Opinion of 8 July 1996"
24-06-1996	/docket/files/98/7573.pdf	"24/06/1996 - Order of 24 June 1996 - Kasikili/Sedudu Island (Botswana/Namibia) 

Fixing of time-limits: Memorials and Counter-Memorials"
08-05-1996	/docket/files/96/7529.pdf	"08/05/1996 - Order of 8 May 1996 - Fisheries Jurisdiction (Spain v. Canada) 

Decision to not authorize filing of Reply and Rejoinder on question of jurisdiction"
15-03-1996	/docket/files/94/7425.pdf	"15/03/1996 - Order of 15 March 1996 - Land and Maritime Boundary between Cameroon and Nigeria (Cameroon v. Nigeria: Equatorial Guinea intervening) 

Request for the Indication of Provisional Measures"
22-02-1996	/docket/files/79/6783.pdf	"22/02/1996 - Order of 22 February 1996 - Aerial Incident of 3 July 1988 (Islamic Republic of Iran v. United States of America) 

Removal from list"
01-02-1996	/docket/files/87/6989.pdf	"01/02/1996 - Order of 1 February 1996 - Maritime Delimitation and Territorial Questions between Qatar and Bahrain (Qatar v. Bahrain) 

Extension of time-limit: Memorials (Merits)"
10-01-1996	/docket/files/94/7421.pdf	"10/01/1996 - Order of 10 January 1996 - Land and Maritime Boundary between Cameroon and Nigeria (Cameroon v. Nigeria: Equatorial Guinea intervening) 

Fixing of time-limit: Written Statement of observations and submissions on Preliminary Objections"
08-11-1995	/docket/files/85/6965.pdf	"08/11/1995 - Order of 8 November 1995 - Maritime Delimitation between Guinea-Bissau and Senegal (Guinea-Bissau v. Senegal) 

Removal from list"
22-09-1995	/docket/files/88/7111.pdf	"22/09/1995 - Order of 22 September 1995 - Questions of Interpretation and Application of the 1971 Montreal Convention arising from the Aerial Incident at Lockerbie (Libyan Arab Jamahiriya v. United Kingdom) 

Fixing of time-limit: Written Statement of observations and submissions on Preliminary Objections"
22-09-1995	/docket/files/89/7239.pdf	"22/09/1995 - Order of 22 September 1995 - Questions of Interpretation and Application of the 1971 Montreal Convention arising from the Aerial Incident at Lockerbie (Libyan Arab Jamahiriya v. United States of America) 

Fixing of time-limit: Written Statement of observations and submissions on preliminary objections"
22-09-1995	/docket/files/97/7555.pdf	"22/09/1995 - Order of 22 September 1995 - Request for an Examination of the Situation in Accordance with Paragraph 63 of the Court's Judgment of 20 December 1974 in the Nuclear Tests (New Zealand v. France) Case 

Request for an examination of the situation - Request for the Indication of Provisional Measures"
14-07-1995	/docket/files/91/7331.pdf	"14/07/1995 - Order of 14 July 1995 - Application of the Convention on the Prevention and Punishment of the Crime of Genocide (Bosnia and Herzegovina v. Serbia and Montenegro) 

Extension of time-limit: Written Statement of observations and submissions on Preliminary Objections"
30-06-1995	/docket/files/84/6949.pdf	"30/06/1995 - Judgment of 30 June 1995 - East Timor (Portugal v. Australia) 

"
02-05-1995	/docket/files/96/7527.pdf	"02/05/1995 - Order of 2 May 1995 - Fisheries Jurisdiction (Spain v. Canada) 

Fixing of time-limits: Memorial and Counter-Memorial"
28-04-1995	/docket/files/87/6987.pdf	"28/04/1995 - Order of 28 April 1995 - Maritime Delimitation and Territorial Questions between Qatar and Bahrain (Qatar v. Bahrain) 

Fixing of time-limit: Memorials (Merits)"
21-03-1995	/docket/files/91/7329.pdf	"21/03/1995 - Order of 21 March 1995 - Application of the Convention on the Prevention and Punishment of the Crime of Genocide (Bosnia and Herzegovina v. Serbia and Montenegro) 

Extension of time-limit: Counter-Memorial"
15-02-1995	/docket/files/87/7007.pdf	"15/02/1995 - Judgment of 15 February 1995 - Maritime Delimitation and Territorial Questions between Qatar and Bahrain (Qatar v. Bahrain) 

Jurisdiction and Admissibility"
01-02-1995	/docket/files/95/7493.pdf	"01/02/1995 - Order of 1 February 1995 - Legality of the Threat or Use of Nuclear Weapons 

Fixing of time-limits: Written Statements and Written Comments on the Written Statements"
